[{"model": "contenttypes.contenttype", "pk": 1, "fields": {"app_label": "admin", "model": "logentry"}}, {"model": "contenttypes.contenttype", "pk": 2, "fields": {"app_label": "auth", "model": "permission"}}, {"model": "contenttypes.contenttype", "pk": 3, "fields": {"app_label": "auth", "model": "group"}}, {"model": "contenttypes.contenttype", "pk": 4, "fields": {"app_label": "contenttypes", "model": "contenttype"}}, {"model": "contenttypes.contenttype", "pk": 5, "fields": {"app_label": "sessions", "model": "session"}}, {"model": "contenttypes.contenttype", "pk": 6, "fields": {"app_label": "accounts", "model": "customuser"}}, {"model": "contenttypes.contenttype", "pk": 7, "fields": {"app_label": "sites", "model": "site"}}, {"model": "contenttypes.contenttype", "pk": 8, "fields": {"app_label": "account", "model": "emailaddress"}}, {"model": "contenttypes.contenttype", "pk": 9, "fields": {"app_label": "account", "model": "emailconfirmation"}}, {"model": "contenttypes.contenttype", "pk": 10, "fields": {"app_label": "socialaccount", "model": "socialaccount"}}, {"model": "contenttypes.contenttype", "pk": 11, "fields": {"app_label": "socialaccount", "model": "socialapp"}}, {"model": "contenttypes.contenttype", "pk": 12, "fields": {"app_label": "socialaccount", "model": "socialtoken"}}, {"model": "contenttypes.contenttype", "pk": 13, "fields": {"app_label": "app", "model": "item"}}, {"model": "contenttypes.contenttype", "pk": 14, "fields": {"app_label": "app", "model": "orderitem"}}, {"model": "contenttypes.contenttype", "pk": 15, "fields": {"app_label": "app", "model": "order"}}, {"model": "contenttypes.contenttype", "pk": 16, "fields": {"app_label": "app", "model": "payment"}}, {"model": "sessions.session", "pk": "87hjxh6vyrxs1rrcv6hjyq8a2663x801", "fields": {"session_data": "OGIyYmJkZTA2NzZkYTZlNDEyOTU0ZDE4ODE4M2VkNGNlOGRiOWQyZDp7Il9hdXRoX3VzZXJfaWQiOiIxIiwiX2F1dGhfdXNlcl9iYWNrZW5kIjoiZGphbmdvLmNvbnRyaWIuYXV0aC5iYWNrZW5kcy5Nb2RlbEJhY2tlbmQiLCJfYXV0aF91c2VyX2hhc2giOiI0OTBlOGFlODg3Nzk4NGMwZDI3ODIwY2RiMmVmZWMwZjgxMTMzZTYwIiwiX3Nlc3Npb25fZXhwaXJ5IjowfQ==", "expire_date": "2023-06-03T02:44:47.433Z"}}, {"model": "sessions.session", "pk": "9z9mue206j769h8mpfqjubyj1yqle09l", "fields": {"session_data": "OGIyYmJkZTA2NzZkYTZlNDEyOTU0ZDE4ODE4M2VkNGNlOGRiOWQyZDp7Il9hdXRoX3VzZXJfaWQiOiIxIiwiX2F1dGhfdXNlcl9iYWNrZW5kIjoiZGphbmdvLmNvbnRyaWIuYXV0aC5iYWNrZW5kcy5Nb2RlbEJhY2tlbmQiLCJfYXV0aF91c2VyX2hhc2giOiI0OTBlOGFlODg3Nzk4NGMwZDI3ODIwY2RiMmVmZWMwZjgxMTMzZTYwIiwiX3Nlc3Npb25fZXhwaXJ5IjowfQ==", "expire_date": "2023-06-04T04:56:18.127Z"}}, {"model": "sessions.session", "pk": "frhqdynv9ezl6lcp995mzigwr9age0rx", "fields": {"session_data": "NDQxZGFjNDc2NTliNGNkNTU0ZDU5MzY2NzA2ODk3NTZkNjk5YzI5YTp7Il9hdXRoX3VzZXJfaWQiOiIxIiwiX2F1dGhfdXNlcl9iYWNrZW5kIjoiZGphbmdvLmNvbnRyaWIuYXV0aC5iYWNrZW5kcy5Nb2RlbEJhY2tlbmQiLCJfYXV0aF91c2VyX2hhc2giOiI0OTBlOGFlODg3Nzk4NGMwZDI3ODIwY2RiMmVmZWMwZjgxMTMzZTYwIn0=", "expire_date": "2023-06-01T07:38:54.540Z"}}, {"model": "sessions.session", "pk": "lljlakheqfmq2mybxdmjcuvkxi7sjetj", "fields": {"session_data": "OGIyYmJkZTA2NzZkYTZlNDEyOTU0ZDE4ODE4M2VkNGNlOGRiOWQyZDp7Il9hdXRoX3VzZXJfaWQiOiIxIiwiX2F1dGhfdXNlcl9iYWNrZW5kIjoiZGphbmdvLmNvbnRyaWIuYXV0aC5iYWNrZW5kcy5Nb2RlbEJhY2tlbmQiLCJfYXV0aF91c2VyX2hhc2giOiI0OTBlOGFlODg3Nzk4NGMwZDI3ODIwY2RiMmVmZWMwZjgxMTMzZTYwIiwiX3Nlc3Npb25fZXhwaXJ5IjowfQ==", "expire_date": "2023-06-05T06:57:32.157Z"}}, {"model": "app.item", "pk": 1, "fields": {"title": "\u30c7\u30b9\u30af\u30c8\u30c3\u30d7\u30d1\u30bd\u30b3\u30f3", "price": 3000, "category": "\u30d1\u30bd\u30b3\u30f3", "slug": "desktop", "description": "\u76ee\u7389\u5546\u54c1\u3067\u3059\u3002", "image": "images/618YZInHS5L._AC_SY879_.jpg"}}, {"model": "app.item", "pk": 2, "fields": {"title": "\u30ce\u30fc\u30c8PC", "price": 4000, "category": "\u30d1\u30bd\u30b3\u30f3", "slug": "raptop", "description": "\u5b9a\u756a\u306emobile\u30ce\u30fc\u30c8", "image": "images/61Zaajh1mxL._AC_SX679_.jpg"}}, {"model": "app.item", "pk": 3, "fields": {"title": "\u51b7\u8535\u5eab", "price": 5000, "category": "\u51b7\u8535\u5eab", "slug": "freezar", "description": "\u5b9a\u756a\u5546\u54c1", "image": "images/41yfLnrha4L._AC_SX679_.jpg"}}, {"model": "app.item", "pk": 4, "fields": {"title": "\u30c9\u30e9\u30a4\u30e4\u30fc", "price": 3000, "category": "\u5bb6\u96fb", "slug": "hairdryer", "description": "\u76ee\u7389\u5546\u54c1", "image": "images/419PXtGL9-L._AC_SX679_.jpg"}}, {"model": "app.item", "pk": 5, "fields": {"title": "\u6383\u9664\u6a5f", "price": 40000, "category": "\u5bb6\u96fb", "slug": "vacuum", "description": "\u76ee\u7389\u5546\u54c1\u3067\u3059", "image": "images/51Vxw4Q4L9L._AC_SX679_.jpg"}}, {"model": "app.item", "pk": 6, "fields": {"title": "\uff13D\u30d7\u30ea\u30f3\u30bf\u30fc", "price": 40000, "category": "\u5bb6\u96fb", "slug": "printer", "description": "\u76ee\u7389\u5546\u54c1", "image": "images/71sWI3BR2tL._AC_SX679_.jpg"}}, {"model": "sites.site", "pk": 1, "fields": {"domain": "example.com", "name": "example.com"}}, {"model": "auth.permission", "pk": 1, "fields": {"name": "Can add log entry", "content_type": 1, "codename": "add_logentry"}}, {"model": "auth.permission", "pk": 2, "fields": {"name": "Can change log entry", "content_type": 1, "codename": "change_logentry"}}, {"model": "auth.permission", "pk": 3, "fields": {"name": "Can delete log entry", "content_type": 1, "codename": "delete_logentry"}}, {"model": "auth.permission", "pk": 4, "fields": {"name": "Can view log entry", "content_type": 1, "codename": "view_logentry"}}, {"model": "auth.permission", "pk": 5, "fields": {"name": "Can add permission", "content_type": 2, "codename": "add_permission"}}, {"model": "auth.permission", "pk": 6, "fields": {"name": "Can change permission", "content_type": 2, "codename": "change_permission"}}, {"model": "auth.permission", "pk": 7, "fields": {"name": "Can delete permission", "content_type": 2, "codename": "delete_permission"}}, {"model": "auth.permission", "pk": 8, "fields": {"name": "Can view permission", "content_type": 2, "codename": "view_permission"}}, {"model": "auth.permission", "pk": 9, "fields": {"name": "Can add group", "content_type": 3, "codename": "add_group"}}, {"model": "auth.permission", "pk": 10, "fields": {"name": "Can change group", "content_type": 3, "codename": "change_group"}}, {"model": "auth.permission", "pk": 11, "fields": {"name": "Can delete group", "content_type": 3, "codename": "delete_group"}}, {"model": "auth.permission", "pk": 12, "fields": {"name": "Can view group", "content_type": 3, "codename": "view_group"}}, {"model": "auth.permission", "pk": 13, "fields": {"name": "Can add content type", "content_type": 4, "codename": "add_contenttype"}}, {"model": "auth.permission", "pk": 14, "fields": {"name": "Can change content type", "content_type": 4, "codename": "change_contenttype"}}, {"model": "auth.permission", "pk": 15, "fields": {"name": "Can delete content type", "content_type": 4, "codename": "delete_contenttype"}}, {"model": "auth.permission", "pk": 16, "fields": {"name": "Can view content type", "content_type": 4, "codename": "view_contenttype"}}, {"model": "auth.permission", "pk": 17, "fields": {"name": "Can add session", "content_type": 5, "codename": "add_session"}}, {"model": "auth.permission", "pk": 18, "fields": {"name": "Can change session", "content_type": 5, "codename": "change_session"}}, {"model": "auth.permission", "pk": 19, "fields": {"name": "Can delete session", "content_type": 5, "codename": "delete_session"}}, {"model": "auth.permission", "pk": 20, "fields": {"name": "Can view session", "content_type": 5, "codename": "view_session"}}, {"model": "auth.permission", "pk": 21, "fields": {"name": "Can add user", "content_type": 6, "codename": "add_customuser"}}, {"model": "auth.permission", "pk": 22, "fields": {"name": "Can change user", "content_type": 6, "codename": "change_customuser"}}, {"model": "auth.permission", "pk": 23, "fields": {"name": "Can delete user", "content_type": 6, "codename": "delete_customuser"}}, {"model": "auth.permission", "pk": 24, "fields": {"name": "Can view user", "content_type": 6, "codename": "view_customuser"}}, {"model": "auth.permission", "pk": 25, "fields": {"name": "Can add site", "content_type": 7, "codename": "add_site"}}, {"model": "auth.permission", "pk": 26, "fields": {"name": "Can change site", "content_type": 7, "codename": "change_site"}}, {"model": "auth.permission", "pk": 27, "fields": {"name": "Can delete site", "content_type": 7, "codename": "delete_site"}}, {"model": "auth.permission", "pk": 28, "fields": {"name": "Can view site", "content_type": 7, "codename": "view_site"}}, {"model": "auth.permission", "pk": 29, "fields": {"name": "Can add email address", "content_type": 8, "codename": "add_emailaddress"}}, {"model": "auth.permission", "pk": 30, "fields": {"name": "Can change email address", "content_type": 8, "codename": "change_emailaddress"}}, {"model": "auth.permission", "pk": 31, "fields": {"name": "Can delete email address", "content_type": 8, "codename": "delete_emailaddress"}}, {"model": "auth.permission", "pk": 32, "fields": {"name": "Can view email address", "content_type": 8, "codename": "view_emailaddress"}}, {"model": "auth.permission", "pk": 33, "fields": {"name": "Can add email confirmation", "content_type": 9, "codename": "add_emailconfirmation"}}, {"model": "auth.permission", "pk": 34, "fields": {"name": "Can change email confirmation", "content_type": 9, "codename": "change_emailconfirmation"}}, {"model": "auth.permission", "pk": 35, "fields": {"name": "Can delete email confirmation", "content_type": 9, "codename": "delete_emailconfirmation"}}, {"model": "auth.permission", "pk": 36, "fields": {"name": "Can view email confirmation", "content_type": 9, "codename": "view_emailconfirmation"}}, {"model": "auth.permission", "pk": 37, "fields": {"name": "Can add social account", "content_type": 10, "codename": "add_socialaccount"}}, {"model": "auth.permission", "pk": 38, "fields": {"name": "Can change social account", "content_type": 10, "codename": "change_socialaccount"}}, {"model": "auth.permission", "pk": 39, "fields": {"name": "Can delete social account", "content_type": 10, "codename": "delete_socialaccount"}}, {"model": "auth.permission", "pk": 40, "fields": {"name": "Can view social account", "content_type": 10, "codename": "view_socialaccount"}}, {"model": "auth.permission", "pk": 41, "fields": {"name": "Can add social application", "content_type": 11, "codename": "add_socialapp"}}, {"model": "auth.permission", "pk": 42, "fields": {"name": "Can change social application", "content_type": 11, "codename": "change_socialapp"}}, {"model": "auth.permission", "pk": 43, "fields": {"name": "Can delete social application", "content_type": 11, "codename": "delete_socialapp"}}, {"model": "auth.permission", "pk": 44, "fields": {"name": "Can view social application", "content_type": 11, "codename": "view_socialapp"}}, {"model": "auth.permission", "pk": 45, "fields": {"name": "Can add social application token", "content_type": 12, "codename": "add_socialtoken"}}, {"model": "auth.permission", "pk": 46, "fields": {"name": "Can change social application token", "content_type": 12, "codename": "change_socialtoken"}}, {"model": "auth.permission", "pk": 47, "fields": {"name": "Can delete social application token", "content_type": 12, "codename": "delete_socialtoken"}}, {"model": "auth.permission", "pk": 48, "fields": {"name": "Can view social application token", "content_type": 12, "codename": "view_socialtoken"}}, {"model": "auth.permission", "pk": 49, "fields": {"name": "Can add item", "content_type": 13, "codename": "add_item"}}, {"model": "auth.permission", "pk": 50, "fields": {"name": "Can change item", "content_type": 13, "codename": "change_item"}}, {"model": "auth.permission", "pk": 51, "fields": {"name": "Can delete item", "content_type": 13, "codename": "delete_item"}}, {"model": "auth.permission", "pk": 52, "fields": {"name": "Can view item", "content_type": 13, "codename": "view_item"}}, {"model": "auth.permission", "pk": 53, "fields": {"name": "Can add order item", "content_type": 14, "codename": "add_orderitem"}}, {"model": "auth.permission", "pk": 54, "fields": {"name": "Can change order item", "content_type": 14, "codename": "change_orderitem"}}, {"model": "auth.permission", "pk": 55, "fields": {"name": "Can delete order item", "content_type": 14, "codename": "delete_orderitem"}}, {"model": "auth.permission", "pk": 56, "fields": {"name": "Can view order item", "content_type": 14, "codename": "view_orderitem"}}, {"model": "auth.permission", "pk": 57, "fields": {"name": "Can add order", "content_type": 15, "codename": "add_order"}}, {"model": "auth.permission", "pk": 58, "fields": {"name": "Can change order", "content_type": 15, "codename": "change_order"}}, {"model": "auth.permission", "pk": 59, "fields": {"name": "Can delete order", "content_type": 15, "codename": "delete_order"}}, {"model": "auth.permission", "pk": 60, "fields": {"name": "Can view order", "content_type": 15, "codename": "view_order"}}, {"model": "auth.permission", "pk": 61, "fields": {"name": "Can add payment", "content_type": 16, "codename": "add_payment"}}, {"model": "auth.permission", "pk": 62, "fields": {"name": "Can change payment", "content_type": 16, "codename": "change_payment"}}, {"model": "auth.permission", "pk": 63, "fields": {"name": "Can delete payment", "content_type": 16, "codename": "delete_payment"}}, {"model": "auth.permission", "pk": 64, "fields": {"name": "Can view payment", "content_type": 16, "codename": "view_payment"}}, {"model": "accounts.customuser", "pk": 1, "fields": {"password": "pbkdf2_sha256$150000$ernbM8wucszE$xMcWTGo6CgZ1icQsBMzJFM1Z+3Af1cXUPa3dt/KLf0k=", "last_login": "2023-05-22T06:57:32.076Z", "is_superuser": true, "email": "aa@gmail.com", "first_name": "\u30c6\u30b9\u30c8", "last_name": "\u592a\u90ce", "address": "\u6771\u4eac\u90fd\u6749\u4e26\u533a", "tel": "03-111-3456", "created": "2023-05-18", "is_staff": true, "is_active": true, "groups": [], "user_permissions": []}}, {"model": "accounts.customuser", "pk": 2, "fields": {"password": "pbkdf2_sha256$150000$pihYeG3WyEeu$R+4K8NkwvwZ2vR94vmLqraRNB+NPB8ioCvtVZvFidBI=", "last_login": "2023-05-19T03:45:05.915Z", "is_superuser": false, "email": "bb@gmail.com", "first_name": "\u30c6\u30b9\u30c8", "last_name": "\u4e8c\u592a\u90ce", "address": "\u6771\u4eac", "tel": "000-444-4444", "created": "2023-05-19", "is_staff": false, "is_active": true, "groups": [], "user_permissions": []}}, {"model": "accounts.customuser", "pk": 3, "fields": {"password": "pbkdf2_sha256$150000$VAanjCX4u4Gj$JAloyxqA+kOTVK6AO7P1zOJD2waZy69AU7UAEkykS2M=", "last_login": null, "is_superuser": true, "email": "moriyori9@gmail.com", "first_name": "", "last_name": "", "address": "", "tel": "", "created": "2023-05-21", "is_staff": true, "is_active": true, "groups": [], "user_permissions": []}}, {"model": "account.emailaddress", "pk": 1, "fields": {"user": 2, "email": "bb@gmail.com", "verified": false, "primary": true}}, {"model": "app.payment", "pk": 1, "fields": {"user": 1, "stripe_change_id": "test_stripe_charge_id", "amount": 21000, "timestamp": "2023-05-20T08:41:35.559Z"}}, {"model": "app.payment", "pk": 2, "fields": {"user": 1, "stripe_change_id": "test_stripe_charge_id", "amount": 4000, "timestamp": "2023-05-20T08:42:37.536Z"}}, {"model": "app.payment", "pk": 3, "fields": {"user": 1, "stripe_change_id": "test_stripe_charge_id", "amount": 4000, "timestamp": "2023-05-20T08:47:26.694Z"}}, {"model": "app.payment", "pk": 4, "fields": {"user": 1, "stripe_change_id": "test_stripe_charge_id", "amount": 3000, "timestamp": "2023-05-20T08:49:25.791Z"}}, {"model": "app.payment", "pk": 5, "fields": {"user": 1, "stripe_change_id": "test_stripe_charge_id", "amount": 4000, "timestamp": "2023-05-20T09:12:28.208Z"}}, {"model": "app.payment", "pk": 6, "fields": {"user": 1, "stripe_change_id": "ch_3NA6w4DbeuwCoATI0Xe2qC64", "amount": 19000, "timestamp": "2023-05-21T07:44:14.441Z"}}, {"model": "app.payment", "pk": 7, "fields": {"user": 1, "stripe_change_id": "ch_3NA8AhDbeuwCoATI1HOJHnmL", "amount": 5000, "timestamp": "2023-05-21T09:03:24.935Z"}}, {"model": "app.payment", "pk": 8, "fields": {"user": 1, "stripe_change_id": "ch_3NAShuDbeuwCoATI3NcyTcOm", "amount": 9000, "timestamp": "2023-05-22T06:59:02.742Z"}}, {"model": "app.payment", "pk": 9, "fields": {"user": 1, "stripe_change_id": "ch_3NB9VrDbeuwCoATI1aPIWrGb", "amount": 8000, "timestamp": "2023-05-24T04:41:30.321Z"}}, {"model": "app.order", "pk": 1, "fields": {"user": 1, "start_date": "2023-05-20T03:18:07.906Z", "ordered_date": "2023-05-20T03:18:07.906Z", "ordered": true, "payment": 1, "items": [1, 5, 6, 7]}}, {"model": "app.order", "pk": 2, "fields": {"user": 1, "start_date": "2023-05-20T08:42:35.924Z", "ordered_date": "2023-05-20T08:42:35.923Z", "ordered": true, "payment": 2, "items": [8]}}, {"model": "app.order", "pk": 3, "fields": {"user": 1, "start_date": "2023-05-20T08:47:24.534Z", "ordered_date": "2023-05-20T08:47:24.533Z", "ordered": true, "payment": 3, "items": [9]}}, {"model": "app.order", "pk": 4, "fields": {"user": 1, "start_date": "2023-05-20T08:49:16.607Z", "ordered_date": "2023-05-20T08:49:16.607Z", "ordered": true, "payment": 4, "items": [10]}}, {"model": "app.order", "pk": 5, "fields": {"user": 1, "start_date": "2023-05-20T08:51:32.752Z", "ordered_date": "2023-05-20T08:51:32.752Z", "ordered": true, "payment": 5, "items": [11]}}, {"model": "app.order", "pk": 6, "fields": {"user": 1, "start_date": "2023-05-20T10:45:57.276Z", "ordered_date": "2023-05-20T10:45:57.276Z", "ordered": true, "payment": 6, "items": [12, 13, 14]}}, {"model": "app.order", "pk": 7, "fields": {"user": 1, "start_date": "2023-05-21T09:02:19.899Z", "ordered_date": "2023-05-21T09:02:19.899Z", "ordered": true, "payment": 7, "items": [15]}}, {"model": "app.order", "pk": 8, "fields": {"user": 1, "start_date": "2023-05-22T06:56:03.609Z", "ordered_date": "2023-05-22T06:56:03.609Z", "ordered": true, "payment": 8, "items": [16]}}, {"model": "app.order", "pk": 9, "fields": {"user": 1, "start_date": "2023-05-22T06:59:40.630Z", "ordered_date": "2023-05-22T06:59:40.630Z", "ordered": true, "payment": 9, "items": [18, 19]}}, {"model": "app.order", "pk": 10, "fields": {"user": 1, "start_date": "2023-05-29T05:47:28.378Z", "ordered_date": "2023-05-29T05:47:28.377Z", "ordered": false, "payment": null, "items": [20]}}, {"model": "app.orderitem", "pk": 1, "fields": {"user": 1, "ordered": true, "item": 2, "quantity": 1}}, {"model": "app.orderitem", "pk": 5, "fields": {"user": 1, "ordered": true, "item": 4, "quantity": 3}}, {"model": "app.orderitem", "pk": 6, "fields": {"user": 1, "ordered": true, "item": 1, "quantity": 1}}, {"model": "app.orderitem", "pk": 7, "fields": {"user": 1, "ordered": true, "item": 3, "quantity": 1}}, {"model": "app.orderitem", "pk": 8, "fields": {"user": 1, "ordered": true, "item": 2, "quantity": 1}}, {"model": "app.orderitem", "pk": 9, "fields": {"user": 1, "ordered": true, "item": 2, "quantity": 1}}, {"model": "app.orderitem", "pk": 10, "fields": {"user": 1, "ordered": true, "item": 1, "quantity": 1}}, {"model": "app.orderitem", "pk": 11, "fields": {"user": 1, "ordered": true, "item": 2, "quantity": 1}}, {"model": "app.orderitem", "pk": 12, "fields": {"user": 1, "ordered": true, "item": 2, "quantity": 2}}, {"model": "app.orderitem", "pk": 13, "fields": {"user": 1, "ordered": true, "item": 4, "quantity": 2}}, {"model": "app.orderitem", "pk": 14, "fields": {"user": 1, "ordered": true, "item": 3, "quantity": 1}}, {"model": "app.orderitem", "pk": 15, "fields": {"user": 1, "ordered": true, "item": 3, "quantity": 1}}, {"model": "app.orderitem", "pk": 16, "fields": {"user": 1, "ordered": true, "item": 1, "quantity": 3}}, {"model": "app.orderitem", "pk": 18, "fields": {"user": 1, "ordered": true, "item": 3, "quantity": 1}}, {"model": "app.orderitem", "pk": 19, "fields": {"user": 1, "ordered": true, "item": 1, "quantity": 1}}, {"model": "app.orderitem", "pk": 20, "fields": {"user": 1, "ordered": false, "item": 3, "quantity": 1}}, {"model": "admin.logentry", "pk": 1, "fields": {"action_time": "2023-05-18T06:03:07.334Z", "user": 1, "content_type": 6, "object_id": "1", "object_repr": "aa@gmail.com", "action_flag": 2, "change_message": "[{\"changed\": {\"fields\": [\"first_name\", \"last_name\", \"department\"]}}]"}}, {"model": "admin.logentry", "pk": 2, "fields": {"action_time": "2023-05-19T06:45:23.128Z", "user": 1, "content_type": 13, "object_id": "1", "object_repr": "\u30c7\u30b9\u30af\u30c8\u30c3\u30d7\u30d1\u30bd\u30b3\u30f3", "action_flag": 1, "change_message": "[{\"added\": {}}]"}}, {"model": "admin.logentry", "pk": 3, "fields": {"action_time": "2023-05-19T06:46:57.111Z", "user": 1, "content_type": 13, "object_id": "2", "object_repr": "\u30ce\u30fc\u30c8PC", "action_flag": 1, "change_message": "[{\"added\": {}}]"}}, {"model": "admin.logentry", "pk": 4, "fields": {"action_time": "2023-05-19T06:48:48.639Z", "user": 1, "content_type": 13, "object_id": "3", "object_repr": "\u51b7\u8535\u5eab", "action_flag": 1, "change_message": "[{\"added\": {}}]"}}, {"model": "admin.logentry", "pk": 5, "fields": {"action_time": "2023-05-19T06:50:08.021Z", "user": 1, "content_type": 13, "object_id": "4", "object_repr": "\u30c9\u30e9\u30a4\u30e4\u30fc", "action_flag": 1, "change_message": "[{\"added\": {}}]"}}, {"model": "admin.logentry", "pk": 6, "fields": {"action_time": "2023-05-19T06:51:13.976Z", "user": 1, "content_type": 13, "object_id": "5", "object_repr": "\u6383\u9664\u6a5f", "action_flag": 1, "change_message": "[{\"added\": {}}]"}}, {"model": "admin.logentry", "pk": 7, "fields": {"action_time": "2023-05-19T06:52:30.860Z", "user": 1, "content_type": 13, "object_id": "6", "object_repr": "\uff13D\u30d7\u30ea\u30f3\u30bf\u30fc", "action_flag": 1, "change_message": "[{\"added\": {}}]"}}]
